Temperature_Category,Average_Temperature_C
High,79.59481585832131
Normal,54.966237963422735
Low,34.77158752327765
