processing_time,estimated_heat
5.825658082962036,4.369243562221527
