,voltage(V),current(A),temperature(C),power(W),component_age(years),anomaly_score
voltage(V),1.0,0.098468842877305,-0.013697584634913815,0.5676576825127967,0.0016206335689087318,-0.004036926255621589
current(A),0.098468842877305,1.0,0.01170332549951532,0.8145216614040492,0.0025367916641163206,0.0002075877230030587
temperature(C),-0.013697584634913815,0.01170332549951532,1.0,-0.0013215728733121826,0.003203163503251942,-0.008183057345409464
power(W),0.5676576825127967,0.8145216614040492,-0.0013215728733121826,1.0,0.0018255523807929742,-0.0020622513979310342
component_age(years),0.0016206335689087318,0.0025367916641163206,0.003203163503251942,0.0018255523807929742,1.0,0.00020996719794013735
anomaly_score,-0.004036926255621589,0.0002075877230030587,-0.008183057345409464,-0.0020622513979310342,0.00020996719794013735,1.0
