processing_time,estimated_heat
5.842772960662842,4.382079720497131
