processing_time,estimated_heat
5.514331340789795,4.135748505592346
